Symbol,Security
A,
AA,
AAAU,
AAGIY,
AAL,
AAMI,
AAOI,
AAON,
AAP,
AAPL,
AAPU,
AARD,
AAT,
AAUC,
AAXJ,
AB,
ABBV,
ABCB,
ABCL,
ABEO,
ABG,
ABM,
ABNB,
ABR,
ABSI,
ABT,
ABUS,
ABVX,
ABX,
ACA,
ACAD,
ACCO,
ACDC,
ACEL,
ACET,
ACGL,
ACGLO,
ACH,
ACHC,
ACHR,
ACHV,
ACI,
ACIC,
ACIO,
ACIW,
ACLS,
ACM,
ACMR,
ACN,
ACNB,
ACNT,
ACP,
ACR,
ACRE,
ACT,
ACTG,
ACU,
ACVA,
ACWI,
ACWV,
ACWX,
AD,
ADAM,
ADBE,
ADC,
ADCT,
ADEA,
ADI,
ADIV,
ADM,
ADMA,
ADNT,
ADP,
ADPT,
ADRNY,
ADSK,
ADT,
ADTN,
ADUS,
ADV,
ADX,
ADYEY,
AEBI,
AEE,
AEF,
AEG,
AEHR,
AEIS,
AEM,
AEO,
AEP,
AER,
AES,
AESI,
AEVA,
AEXA,
AEYE,
AFBI,
AFCG,
AFG,
AFK,
AFL,
AFRM,
AFYA,
AG,
AGCO,
AGD,
AGG,
AGI,
AGIO,
AGL,
AGM,
AGNC,
AGNCN,
AGO,
AGQ,
AGRO,
AGX,
AGYS,
AHCO,
AHR,
AHRT,
AHT,
AI,
AIG,
AIN,
AIO,
AIOT,
AIP,
AIPO,
AIQ,
AIR,
AIRG,
AIRI,
AIRJ,
AIRO,
AIT,
AIV,
AIZ,
AJG,
AKAM,
AKBA,
AKR,
AKRE,
AKTS,
ALAB,
ALB,
ALC,
ALCO,
ALDX,
ALEC,
ALG,
ALGM,
ALGN,
ALGS,
ALGT,
ALH,
ALHC,
ALIZY,
ALK,
ALKS,
ALKT,
ALL,
ALLE,
ALLO,
ALLT,
ALLW,
ALLY,
ALM,
ALMS,
ALMU,
ALNT,
ALNY,
ALOT,
ALPMY,
ALRM,
ALRS,
ALSN,
ALT,
ALTG,
ALTI,
ALTO,
ALV,
ALX,
ALXO,
AM,
AMAL,
AMAT,
AMBA,
AMBP,
AMBQ,
AMC,
AMCR,
AMCX,
AMD,
AMDW,
AME,
AMG,
AMGN,
AMH,
AMKR,
AMLP,
AMLX,
AMN,
AMP,
AMPH,
AMPL,
AMPX,
AMPY,
AMR,
AMRC,
AMRN,
AMRX,
AMRZ,
AMSC,
AMSF,
AMT,
AMTB,
AMTM,
AMWD,
AMWL,
AMX,
AMZA,
AMZN,
AN,
ANAB,
ANDE,
ANET,
ANF,
ANGI,
ANGL,
ANGO,
ANIK,
ANIP,
ANNX,
ANRO,
AOA,
AOD,
AOK,
AOMR,
AON,
AORT,
AOS,
AOSL,
AOUT,
AP,
APA,
APAM,
APC,
APD,
APEI,
APG,
APGE,
APH,
API,
APLD,
APLE,
APLS,
APO,
APOG,
APP,
APPF,
APPN,
APPS,
APTV,
AQN,
AR,
ARCB,
ARCC,
ARCO,
ARCT,
ARDT,
ARDX,
ARE,
ARES,
ARGT,
ARGX,
ARHS,
ARI,
ARIS,
ARKB,
ARKF,
ARKK,
ARKO,
ARKQ,
ARKW,
ARKX,
ARLO,
ARLP,
ARM,
ARMK,
ARMP,
AROC,
AROW,
ARQ,
ARQT,
ARR,
ARRY,
ARTNA,
ARTY,
ARVN,
ARW,
ARWR,
ARX,
AS,
ASA,
ASAN,
ASAZY,
ASB,
ASBFY,
ASC,
ASEA,
ASGI,
ASH,
ASIC,
ASIX,
ASLE,
ASM,
ASMB,
ASML,
ASND,
ASO,
ASPI,
ASPN,
ASPS,
ASR,
ASRT,
ASST,
ASTE,
ASTH,
ASTL,
ASTS,
ASUR,
ASX,
ATAI,
ATAT,
ATEC,
ATEN,
ATEX,
ATHM,
ATI,
ATII,
ATKR,
ATLC,
ATLO,
ATMU,
ATNI,
ATO,
ATOS,
ATR,
ATRC,
ATRO,
ATS,
AU,
AUB,
AUDC,
AUGO,
AUNA,
AUPH,
AUR,
AURA,
AUTL,
AVA,
AVAH,
AVAL,
AVAV,
AVB,
AVBH,
AVBP,
AVD,
AVDE,
AVDV,
AVEM,
AVGE,
AVGO,
AVGV,
AVIG,
AVIR,
AVIV,
AVLV,
AVMV,
AVNM,
AVNS,
AVNT,
AVNW,
AVO,
AVPT,
AVR,
AVRE,
AVSF,
AVT,
AVTR,
AVTX,
AVUS,
AVUV,
AVXL,
AVY,
AWAY,
AWI,
AWK,
AWR,
AX,
AXGN,
AXIA,
AXON,
AXP,
AXS,
AXSM,
AXTI,
AYI,
AZ,
AZN,
AZO,
AZTA,
AZZ,
B,
BA,
BAB,
BABA,
BABX,
BAC,
BACHY,
BAER,
BAFN,
BAH,
BALL,
BALT,
BAM,
BANC,
BAND,
BANF,
BANR,
BAP,
BAR,
BARK,
BATRA,
BATRK,
BATT,
BAX,
BB,
BBAG,
BBAI,
BBAR,
BBBY,
BBCA,
BBCP,
BBD,
BBDC,
BBHY,
BBIN,
BBIO,
BBJP,
BBN,
BBNX,
BBSI,
BBT,
BBUC,
BBVA,
BBW,
BBWI,
BBY,
BC,
BCAL,
BCAT,
BCAX,
BCBP,
BCC,
BCE,
BCH,
BCIC,
BCML,
BCO,
BCPC,
BCRX,
BCS,
BCSF,
BCUS,
BCX,
BDC,
BDN,
BDTX,
BDX,
BE,
BEAG,
BEAM,
BEKE,
BELFA,
BELFB,
BEN,
BEP,
BEPC,
BESO,
BETA,
BFAM,
BFC,
BFEB,
BFH,
BFLY,
BFS,
BFST,
BG,
BGC,
BGLD,
BGR,
BGRN,
BGS,
BGSF,
BGSI,
BGT,
BGY,
BH,
BHC,
BHE,
BHF,
BHK,
BHP,
BHRB,
BHVN,
BIDU,
BIIB,
BIL,
BILL,
BILS,
BINC,
BIO,
BIOA,
BIP,
BIPC,
BIRK,
BIT,
BITB,
BITO,
BITQ,
BIV,
BJ,
BJRI,
BK,
BKCH,
BKD,
BKE,
BKH,
BKKT,
BKLC,
BKLN,
BKNG,
BKR,
BKSY,
BKTI,
BKU,
BKV,
BL,
BLBD,
BLCO,
BLCV,
BLD,
BLDP,
BLDR,
BLFS,
BLK,
BLKB,
BLMN,
BLND,
BLOK,
BLSH,
BLTE,
BLV,
BLX,
BLZE,
BMA,
BMBL,
BME,
BMEA,
BMEZ,
BMI,
BMNR,
BMO,
BMRC,
BMRN,
BMY,
BN,
BND,
BNDI,
BNDW,
BNDX,
BNED,
BNL,
BNR,
BNS,
BNT,
BNTC,
BNTGY,
BNTX,
BOAT,
BOBS,
BOC,
BODI,
BOE,
BOH,
BOKF,
BOND,
BOOM,
BOOT,
BORR,
BOTZ,
BOW,
BOX,
BP,
BPOP,
BPRE,
BR,
BRBR,
BRC,
BRCB,
BRCC,
BRDCY,
BRHY,
BRKR,
BRO,
BROS,
BRSL,
BRSP,
BRT,
BRX,
BRZE,
BSAC,
BSBR,
BSCQ,
BSCR,
BSCS,
BSCT,
BSCV,
BSCW,
BSET,
BSJQ,
BSM,
BSRR,
BSV,
BSVN,
BSX,
BSY,
BTBT,
BTC,
BTCO,
BTDR,
BTE,
BTG,
BTI,
BTSG,
BTU,
BTX,
BTZ,
BUCK,
BUD,
BUFR,
BUG,
BULL,
BUR,
BURL,
BUSE,
BUXX,
BV,
BVFL,
BVN,
BVS,
BW,
BWA,
BWAY,
BWB,
BWFG,
BWIN,
BWLP,
BWMN,
BWMX,
BWXT,
BX,
BXBLY,
BXC,
BXMT,
BXP,
BY,
BYD,
BYDDY,
BYRN,
BZ,
BZH,
BZLFY,
BZUN,
C,
CAAP,
CABO,
CAC,
CACC,
CACI,
CADL,
CAE,
CAG,
CAH,
CAI,
CAKE,
CAL,
CALF,
CALM,
CALX,
CALY,
CAMT,
CAPL,
CAPR,
CARE,
CARG,
CARL,
CARR,
CARS,
CART,
CASH,
CASS,
CASY,
CAT,
CATO,
CATX,
CATY,
CAVA,
CB,
CBAN,
CBC,
CBK,
CBL,
CBNK,
CBOE,
CBRE,
CBRL,
CBSH,
CBT,
CBTO,
CBU,
CBZ,
CC,
CCAP,
CCB,
CCBG,
CCC,
CCCC,
CCD,
CCEP,
CCI,
CCJ,
CCK,
CCL,
CCNE,
CCOI,
CCRN,
CCS,
CCSI,
CCU,
CDC,
CDE,
CDLR,
CDNA,
CDNL,
CDNS,
CDP,
CDRE,
CDW,
CDXS,
CDZI,
CE,
CECO,
CEF,
CEFS,
CEG,
CELC,
CELH,
CENT,
CENTA,
CENX,
CEPT,
CEPU,
CERS,
CERT,
CEVA,
CF,
CFFN,
CFG,
CFR,
CFRUY,
CG,
CGAU,
CGCP,
CGDV,
CGEM,
CGGO,
CGGR,
CGMS,
CGNT,
CGNX,
CGO,
CGON,
CHA,
CHAT,
CHCO,
CHCT,
CHD,
CHDN,
CHE,
CHEF,
CHGCY,
CHGG,
CHH,
CHKP,
CHRD,
CHRS,
CHRW,
CHSCL,
CHSCO,
CHSCP,
CHT,
CHTR,
CHWY,
CHYM,
CI,
CIB,
CIBR,
CIEN,
CIFR,
CIG,
CIGI,
CIHKY,
CIM,
CINF,
CINT,
CION,
CIVB,
CL,
CLAR,
CLB,
CLBK,
CLBT,
CLDT,
CLDX,
CLF,
CLFD,
CLH,
CLIP,
CLIR,
CLLS,
CLM,
CLMB,
CLMT,
CLNE,
CLNN,
CLOA,
CLOV,
CLPT,
CLS,
CLSK,
CLVT,
CLW,
CLX,
CLYM,
CM,
CMBT,
CMC,
CMCL,
CMCO,
CMCSA,
CMDB,
CME,
CMG,
CMI,
CMP,
CMPR,
CMPS,
CMPX,
CMRC,
CMRE,
CMS,
CMSC,
CMT,
CMTG,
CMTL,
CNA,
CNBS,
CNC,
CNDT,
CNH,
CNI,
CNK,
CNL,
CNM,
CNMD,
CNNE,
CNO,
CNOB,
CNP,
CNQ,
CNR,
CNS,
CNTA,
CNX,
CNXC,
CNXN,
COCO,
CODA,
CODI,
COF,
COFS,
COGT,
COHN,
COHR,
COHU,
COIN,
COKE,
COLB,
COLD,
COLL,
COLM,
COLO,
COMP,
CON,
COO,
COOK,
COP,
COPJ,
COPX,
COR,
CORN,
CORP,
CORT,
CORZ,
COSO,
COST,
COTY,
COUR,
COWZ,
CP,
CPA,
CPAC,
CPAY,
CPB,
CPER,
CPF,
CPK,
CPNG,
CPRI,
CPRT,
CPRX,
CPS,
CPSH,
CPSS,
CPT,
CPXR,
CPZ,
CQP,
CR,
CRAI,
CRBG,
CRBN,
CRBP,
CRBU,
CRC,
CRCL,
CRCT,
CRDO,
CRESY,
CRF,
CRGY,
CRH,
CRI,
CRK,
CRL,
CRM,
CRMD,
CRMT,
CRNC,
CRNT,
CRNX,
CRON,
CROX,
CRPT,
CRS,
CRSP,
CRSR,
CRT,
CRTO,
CRUS,
CRVL,
CRVS,
CRWD,
CRWV,
CRZBY,
CSB,
CSCO,
CSGP,
CSGS,
CSHI,
CSIQ,
CSL,
CSM,
CSPI,
CSQ,
CSR,
CSTE,
CSTL,
CSTM,
CSV,
CSW,
CSX,
CTA,
CTAS,
CTBI,
CTEV,
CTGO,
CTKB,
CTLP,
CTMX,
CTNM,
CTO,
CTOS,
CTRA,
CTRE,
CTRI,
CTS,
CTSH,
CTVA,
CUBE,
CUBI,
CUK,
CURB,
CUZ,
CVBF,
CVCO,
CVE,
CVEO,
CVGW,
CVI,
CVLG,
CVLT,
CVNA,
CVRX,
CVS,
CVSA,
CVSB,
CVV,
CVX,
CVY,
CW,
CWAN,
CWB,
CWBC,
CWCO,
CWEB,
CWEN,
CWH,
CWI,
CWK,
CWS,
CWST,
CWT,
CX,
CXDO,
CXM,
CXT,
CXW,
CYD,
CYH,
CYRX,
CYTK,
CZNC,
CZR,
CZWI,
D,
DAC,
DAKT,
DAL,
DAN,
DAO,
DAR,
DASH,
DAVA,
DAVE,
DB,
DBA,
DBAW,
DBB,
DBC,
DBD,
DBEF,
DBI,
DBL,
DBMF,
DBRG,
DBX,
DC,
DCH,
DCI,
DCO,
DCOM,
DCOR,
DCTH,
DD,
DDD,
DDI,
DDL,
DDM,
DDOG,
DDS,
DE,
DEA,
DEC,
DECK,
DECU,
DEFI,
DEI,
DELL,
DEM,
DEO,
DERM,
DFAC,
DFAE,
DFAI,
DFAR,
DFAS,
DFAT,
DFAU,
DFAW,
DFAX,
DFCF,
DFEM,
DFEN,
DFEV,
DFGR,
DFH,
DFIC,
DFIN,
DFIS,
DFIV,
DFJ,
DFLV,
DFSD,
DFSV,
DFTX,
DFUS,
DFUV,
DG,
DGICA,
DGII,
DGRO,
DGRW,
DGS,
DGX,
DH,
DHC,
DHI,
DHR,
DHS,
DHT,
DIA,
DIBS,
DIDIY,
DIHP,
DIN,
DINO,
DIOD,
DIS,
DISV,
DIVI,
DIVO,
DJCO,
DJD,
DJIA,
DJT,
DJUL,
DK,
DKNG,
DKS,
DLB,
DLN,
DLO,
DLR,
DLTH,
DLTR,
DLX,
DMAC,
DMBS,
DMLP,
DMRC,
DNA,
DNL,
DNLI,
DNN,
DNOW,
DNP,
DNTH,
DNUT,
DNZOY,
DOC,
DOCN,
DOCS,
DOCU,
DOG,
DOLE,
DOMO,
DON,
DOO,
DORM,
DOUG,
DOV,
DOW,
DOX,
DPST,
DPZ,
DQ,
DRD,
DRH,
DRI,
DRIV,
DRS,
DRUG,
DRVN,
DSGN,
DSGR,
DSGX,
DSI,
DSL,
DSM,
DSP,
DSTL,
DT,
DTCR,
DTE,
DTEGY,
DTG,
DTH,
DTIL,
DTM,
DTW,
DUHP,
DUK,
DUOL,
DUOT,
DUSB,
DV,
DVA,
DVN,
DVY,
DVYE,
DWTX,
DWX,
DX,
DXC,
DXCM,
DXD,
DXJ,
DXPE,
DXYZ,
DY,
DYN,
DYNF,
E,
EA,
EAF,
EAGG,
EALT,
EAT,
EBAY,
EBC,
EBF,
EBMT,
EBND,
EBS,
EC,
ECAT,
ECG,
ECH,
ECL,
ECNS,
ECO,
ECOR,
ECPG,
ECVT,
ECX,
ED,
EDAP,
EDD,
EDIT,
EDU,
EDV,
EE,
EEA,
EEFT,
EEM,
EEMA,
EEMV,
EES,
EFA,
EFAV,
EFC,
EFG,
EFIV,
EFOR,
EFR,
EFSC,
EFT,
EFV,
EFX,
EFXT,
EG,
EGAN,
EGBN,
EGHT,
EGO,
EGP,
EGY,
EH,
EHAB,
EHC,
EHTH,
EIC,
EIG,
EINC,
EIPI,
EIS,
EIX,
EJPRY,
EL,
ELAN,
ELC,
ELE,
ELF,
ELMD,
ELME,
ELPC,
ELS,
ELTX,
ELV,
ELVA,
ELVN,
EMA,
EMB,
EMBC,
EMBJ,
EME,
EMGF,
EMHY,
EML,
EMLC,
EMLP,
EMN,
EMP,
EMQQ,
EMR,
EMXC,
ENB,
ENFR,
ENIC,
ENOV,
ENPH,
ENR,
ENS,
ENSG,
ENTA,
ENTG,
ENVA,
ENVX,
EOD,
EOG,
EOLS,
EOS,
EOSE,
EPAC,
EPAM,
EPC,
EPD,
EPHE,
EPI,
EPM,
EPOL,
EPR,
EPRT,
EPSN,
EPU,
EQAL,
EQBK,
EQH,
EQIX,
EQNR,
EQPT,
EQR,
EQT,
EQTY,
EQWL,
EQX,
ERAS,
ERC,
ERIC,
ERIE,
ERII,
ERO,
ES,
ESAB,
ESCA,
ESE,
ESGD,
ESGE,
ESGU,
ESGV,
ESI,
ESLT,
ESML,
ESNT,
ESOA,
ESPR,
ESQ,
ESRT,
ESS,
ESTA,
ESTC,
ETB,
ETD,
ETH,
ETHA,
ETHE,
ETHM,
ETHW,
ETJ,
ETN,
ETON,
ETOR,
ETR,
ETSY,
ETW,
ETY,
EU,
EUAD,
EUFN,
EUHY,
EVC,
EVER,
EVEX,
EVGO,
EVH,
EVI,
EVLV,
EVMO,
EVR,
EVRG,
EVSD,
EVT,
EVTC,
EVTL,
EVV,
EW,
EWBC,
EWC,
EWCZ,
EWD,
EWJ,
EWJV,
EWL,
EWM,
EWP,
EWS,
EWT,
EWTX,
EWV,
EWW,
EWX,
EWY,
EWZ,
EWZS,
EXC,
EXE,
EXEL,
EXFY,
EXG,
EXK,
EXLS,
EXOD,
EXP,
EXPD,
EXPE,
EXPGY,
EXPI,
EXPO,
EXR,
EXTR,
EYE,
EYLD,
EYPT,
EZA,
EZBC,
EZM,
EZPW,
EZRO,
EZU,
F,
FA,
FAF,
FALN,
FANG,
FANUY,
FAS,
FAST,
FATE,
FAX,
FAZ,
FBCG,
FBIN,
FBIZ,
FBK,
FBLA,
FBNC,
FBND,
FBP,
FBRT,
FBRX,
FBTC,
FC,
FCBC,
FCEL,
FCF,
FCFS,
FCN,
FCNCA,
FCOM,
FCPT,
FCT,
FCX,
FDEC,
FDEM,
FDEV,
FDIG,
FDIQ,
FDLO,
FDMT,
FDN,
FDP,
FDRR,
FDS,
FDUS,
FDVV,
FDX,
FE,
FEIM,
FELE,
FELG,
FENC,
FENI,
FEP,
FEPI,
FER,
FERG,
FET,
FETH,
FEZ,
FFA,
FFBC,
FFC,
FFIC,
FFIN,
FFIV,
FFLG,
FFTY,
FG,
FGBI,
FGMC,
FHB,
FHI,
FHLC,
FHN,
FHTX,
FIBK,
FICO,
FIG,
FIGR,
FIGS,
FIHL,
FINV,
FINX,
FIP,
FIS,
FISI,
FISV,
FITB,
FIVA,
FIVE,
FIVN,
FIW,
FIX,
FIZZ,
FJTSY,
FLBL,
FLBR,
FLCA,
FLCB,
FLEX,
FLG,
FLGT,
FLGV,
FLIN,
FLJP,
FLL,
FLMX,
FLNA,
FLNC,
FLNG,
FLO,
FLOC,
FLOT,
FLR,
FLRN,
FLS,
FLTR,
FLUT,
FLUX,
FLWS,
FLXR,
FLXS,
FLY,
FLYW,
FMAO,
FMAT,
FMBH,
FMC,
FMX,
FN,
FNB,
FND,
FNDA,
FNDC,
FNDE,
FNDF,
FNDX,
FNF,
FNGR,
FNKO,
FNLC,
FNOV,
FNV,
FOA,
FOCT,
FONR,
FOR,
FORM,
FORR,
FOSL,
FOX,
FOXA,
FOXF,
FPH,
FPI,
FPS,
FR,
FRAF,
FRBA,
FRD,
FRDM,
FREL,
FRHC,
FRME,
FRMI,
FRO,
FROG,
FRPH,
FRPT,
FRSH,
FRST,
FRT,
FSBC,
FSCO,
FSI,
FSK,
FSLR,
FSLY,
FSM,
FSMB,
FSS,
FSSL,
FSTA,
FSTR,
FSUN,
FSV,
FTAI,
FTCI,
FTDR,
FTEC,
FTHY,
FTI,
FTK,
FTLF,
FTLS,
FTMS,
FTNT,
FTRE,
FTS,
FTV,
FTXO,
FUJIY,
FUL,
FULC,
FULT,
FUN,
FUND,
FUTU,
FUTY,
FV,
FVD,
FVR,
FVRR,
FWONA,
FWONK,
FWRD,
FWRG,
FXE,
FXF,
FXI,
FXL,
FXNC,
FXY,
FYLD,
G,
GAB,
GABC,
GAM,
GAMB,
GAP,
GARP,
GATX,
GBAB,
GBCI,
GBFH,
GBIL,
GBOOY,
GBTC,
GBTG,
GBX,
GCMG,
GCO,
GCT,
GD,
GDDY,
GDE,
GDEN,
GDLC,
GDOT,
GDRX,
GDS,
GDV,
GDX,
GDXJ,
GDYN,
GE,
GECC,
GEF,
GEHC,
GEL,
GEM,
GEN,
GENC,
GENI,
GEO,
GEOS,
GERN,
GEV,
GEVO,
GFF,
GFI,
GFL,
GFS,
GGAL,
GGB,
GGG,
GGN,
GH,
GHC,
GHM,
GHRS,
GIB,
GIC,
GII,
GIII,
GIL,
GILD,
GILT,
GIS,
GKOS,
GL,
GLAD,
GLBE,
GLD,
GLDM,
GLIBA,
GLIBK,
GLIN,
GLNCY,
GLNG,
GLO,
GLOB,
GLPG,
GLPI,
GLQ,
GLRE,
GLTR,
GLUE,
GLV,
GLW,
GLXY,
GM,
GMAB,
GME,
GMED,
GMF,
GMMF,
GNE,
GNK,
GNL,
GNR,
GNRC,
GNT,
GNTX,
GNW,
GO,
GOAU,
GOCO,
GOF,
GOGO,
GOLD,
GOLF,
GOOD,
GOOG,
GOOGL,
GOOS,
GOOX,
GOTU,
GOVI,
GOVT,
GPC,
GPCR,
GPGI,
GPI,
GPIQ,
GPIX,
GPK,
GPMT,
GPN,
GPOR,
GPRE,
GPRO,
GRAB,
GRAL,
GRBK,
GRC,
GRDN,
GREK,
GRFS,
GRMN,
GRND,
GRNJ,
GRNT,
GRNY,
GRPM,
GRPN,
GRVY,
GRWG,
GS,
GSAT,
GSBC,
GSG,
GSHD,
GSIE,
GSIG,
GSIT,
GSK,
GSL,
GSLC,
GSM,
GSST,
GSY,
GT,
GTE,
GTES,
GTLB,
GTLS,
GTM,
GTN,
GTO,
GTX,
GTY,
GUNR,
GVA,
GVAL,
GWRE,
GWRS,
GWW,
GWX,
GXC,
GXO,
GYRE,
H,
HACK,
HAE,
HAFC,
HAFN,
HAL,
HALO,
HAS,
HASI,
HAWX,
HAYW,
HBAN,
HBANP,
HBB,
HBCP,
HBIO,
HBM,
HBNC,
HBT,
HCA,
HCAT,
HCC,
HCI,
HCKT,
HCSG,
HD,
HDB,
HDEF,
HDSN,
HDV,
HE,
HEDG,
HEDJ,
HEFA,
HEGD,
HEI,
HELE,
HELO,
HELP,
HEPS,
HEQ,
HESM,
HEWJ,
HFGM,
HFWA,
HG,
HGLB,
HGTY,
HGV,
HHH,
HIFS,
HIG,
HII,
HIMS,
HIMU,
HIMX,
HIPO,
HIPS,
HIVE,
HIW,
HKXCY,
HL,
HLF,
HLI,
HLIO,
HLIT,
HLLY,
HLMN,
HLN,
HLNE,
HLT,
HLX,
HMC,
HMH,
HMN,
HMY,
HNDL,
HNGE,
HNI,
HNRG,
HNST,
HOCPY,
HODL,
HOFT,
HOG,
HOMB,
HOMZ,
HON,
HOOD,
HOOW,
HOPE,
HOV,
HP,
HPE,
HPF,
HPP,
HPQ,
HPS,
HQH,
HQI,
HQL,
HQY,
HR,
HRB,
HRI,
HRL,
HRMY,
HROW,
HRTG,
HRTX,
HSAI,
HSBC,
HSHCY,
HSHP,
HSIC,
HSLV,
HST,
HSTM,
HSY,
HTB,
HTD,
HTFL,
HTGC,
HTH,
HTHIY,
HTHT,
HTLD,
HTO,
HTT,
HUBB,
HUBG,
HUBS,
HUM,
HUMN,
HUN,
HURC,
HURN,
HUT,
HUYA,
HVT,
HWC,
HWKN,
HWM,
HXL,
HY,
HYBL,
HYDB,
HYG,
HYGV,
HYLB,
HYLN,
HYMC,
HYNE,
HYS,
HYT,
HZO,
IAC,
IAF,
IAG,
IAGG,
IAI,
IAK,
IAPR,
IART,
IAU,
IAUI,
IAUM,
IBB,
IBBQ,
IBCP,
IBDR,
IBDS,
IBDT,
IBDU,
IBDV,
IBDW,
IBDZ,
IBEX,
IBHF,
IBIT,
IBKR,
IBM,
IBN,
IBND,
IBOC,
IBP,
IBTA,
IBTH,
IBTJ,
IBTO,
ICE,
ICF,
ICFI,
ICHR,
ICLR,
ICOP,
ICSH,
ICUI,
IDA,
IDCC,
IDEV,
IDN,
IDR,
IDRV,
IDT,
IDV,
IDXX,
IDYA,
IE,
IEF,
IEFA,
IEI,
IEMG,
IEP,
IESC,
IETC,
IEUR,
IEX,
IFF,
IFN,
IFRA,
IFS,
IGF,
IGIB,
IGIC,
IGLB,
IGLD,
IGM,
IGRO,
IGSB,
IGV,
IHAK,
IHD,
IHDG,
IHF,
IHG,
IHI,
IHRT,
IHS,
IIIN,
IIIV,
IIPR,
IJH,
IJK,
IJR,
IJS,
IJT,
ILCB,
ILCG,
ILCV,
ILF,
ILMN,
ILPT,
ILTB,
IMAX,
IMCB,
IMCG,
IMCR,
IMCV,
IMKTA,
IMMR,
IMMX,
IMNM,
IMO,
IMOS,
IMRX,
IMSR,
IMTM,
IMTX,
IMUX,
IMVT,
IMXI,
INBK,
INBX,
INCO,
INCY,
INDB,
INDL,
INDS,
INDV,
INFL,
INFU,
ING,
INGM,
INGN,
INGR,
INKM,
INMD,
INN,
INNV,
INO,
INOD,
INR,
INSE,
INSG,
INSM,
INSP,
INSW,
INTA,
INTC,
INTF,
INTR,
INTU,
INVA,
INVE,
INVH,
INVX,
IONQ,
IONS,
IOO,
IOSP,
IOT,
IOVA,
IP,
IPAC,
IPAR,
IPGP,
IPI,
IPKW,
IPO,
IPSC,
IPWR,
IPX,
IQ,
IQDG,
IQLT,
IQMM,
IQV,
IR,
IRD,
IRDM,
IREN,
IRM,
IRMD,
IRON,
IRS,
IRT,
IRTC,
IRWD,
ISCG,
ISCV,
ISD,
ISRA,
ISRG,
ISSC,
ISTB,
ISTR,
IT,
ITA,
ITB,
ITDD,
ITGR,
ITIC,
ITOT,
ITRI,
ITRN,
ITT,
ITUB,
ITW,
IUSB,
IUSG,
IUSV,
IVAL,
IVE,
IVES,
IVLU,
IVOG,
IVOV,
IVR,
IVT,
IVV,
IVW,
IVZ,
IWB,
IWD,
IWF,
IWL,
IWM,
IWN,
IWO,
IWP,
IWR,
IWS,
IWV,
IWX,
IX,
IXC,
IXG,
IXJ,
IXN,
IXP,
IXUS,
IYF,
IYG,
IYJ,
IYR,
IYRI,
IYW,
IYY,
IZRL,
J,
JAAA,
JACK,
JAKK,
JAN,
JANW,
JANX,
JAVA,
JAZZ,
JBGS,
JBHT,
JBI,
JBIO,
JBL,
JBLU,
JBS,
JBSS,
JBTM,
JCAP,
JCI,
JCPB,
JCPI,
JD,
JEF,
JELD,
JEPI,
JEPQ,
JFIN,
JFR,
JGRO,
JHG,
JHX,
JILL,
JJSF,
JKHY,
JKS,
JLL,
JMBS,
JMEE,
JMIA,
JMSB,
JMST,
JMTG,
JNJ,
JNK,
JOBY,
JOE,
JOET,
JOF,
JOUT,
JOYY,
JPC,
JPIE,
JPM,
JPST,
JQUA,
JRI,
JRS,
JRVR,
JTEK,
JULW,
JVAL,
JXN,
JYNT,
KAI,
KALU,
KALV,
KARO,
KB,
KBA,
KBE,
KBH,
KBR,
KBWB,
KBWD,
KBWY,
KCDMY,
KCE,
KD,
KDDIY,
KDEF,
KDP,
KE,
KELYA,
KEP,
KEX,
KEY,
KEYS,
KF,
KFRC,
KFS,
KFY,
KG,
KGC,
KGEI,
KGS,
KHC,
KIDS,
KIM,
KINS,
KIO,
KKR,
KLAC,
KLC,
KLIC,
KLXE,
KMB,
KMI,
KMLM,
KMPR,
KMT,
KMTS,
KMX,
KN,
KNBWY,
KNF,
KNSA,
KNSL,
KNTK,
KNX,
KO,
KOD,
KODK,
KOF,
KOID,
KOP,
KOPN,
KORU,
KOS,
KPTI,
KR,
KRC,
KRE,
KREF,
KRG,
KRMN,
KRNT,
KRO,
KROS,
KRP,
KRRO,
KRT,
KRUS,
KRYS,
KSPI,
KSPY,
KSS,
KSTR,
KT,
KTB,
KTEC,
KTOS,
KURA,
KVUE,
KVYO,
KW,
KWEB,
KWR,
KYMR,
KYN,
KYNB,
KYTX,
KZR,
L,
LAC,
LAD,
LADR,
LAKE,
LAMR,
LAND,
LAR,
LASR,
LAUR,
LAW,
LAZ,
LB,
LBRDA,
LBRDK,
LBRT,
LBRX,
LBTYA,
LBTYK,
LC,
LCII,
LCNB,
LCUT,
LDI,
LDOS,
LE,
LEA,
LECO,
LEG,
LEGH,
LEGN,
LEMB,
LEN,
LENZ,
LEU,
LEVI,
LFCR,
LFMD,
LFST,
LFUS,
LGCY,
LGIH,
LGLV,
LGN,
LGND,
LH,
LHX,
LI,
LIF,
LII,
LILA,
LILAK,
LIN,
LINC,
LIND,
LINE,
LION,
LIT,
LITE,
LITP,
LIVN,
LKFN,
LKNCY,
LKQ,
LLY,
LLYVA,
LLYVK,
LMAT,
LMB,
LMBS,
LMND,
LMNR,
LMRI,
LMT,
LNC,
LNG,
LNKB,
LNN,
LNSR,
LNT,
LNTH,
LNVGY,
LOAR,
LOB,
LOCO,
LOGI,
LONZ,
LOOP,
LOPE,
LOVE,
LOW,
LPCN,
LPG,
LPL,
LPLA,
LPRO,
LPTH,
LPX,
LQD,
LQDA,
LQDH,
LQDT,
LQDW,
LRCX,
LRGF,
LRMR,
LRN,
LSAK,
LSCC,
LSPD,
LSTR,
LTBR,
LTC,
LTH,
LTM,
LTRX,
LU,
LULU,
LUMN,
LUNG,
LUNR,
LUV,
LUXE,
LVHD,
LVHI,
LVS,
LW,
LWAY,
LWLG,
LX,
LXEO,
LXFR,
LXP,
LXRX,
LXU,
LYB,
LYEL,
LYFT,
LYG,
LYTS,
LYV,
LZ,
LZB,
LZM,
M,
MA,
MAA,
MAC,
MAGN,
MAGS,
MAGY,
MAIR,
MAKO,
MAMA,
MAN,
MANE,
MANH,
MANU,
MAR,
MARA,
MARPS,
MAS,
MASI,
MASS,
MAT,
MATW,
MATX,
MAX,
MAZE,
MBB,
MBC,
MBI,
MBIN,
MBLY,
MBSD,
MBUU,
MBX,
MC,
MCB,
MCBS,
MCD,
MCFT,
MCGA,
MCHB,
MCHI,
MCHP,
MCHPP,
MCI,
MCK,
MCN,
MCO,
MCRB,
MCRI,
MCS,
MCW,
MCY,
MD,
MDA,
MDB,
MDGL,
MDLN,
MDLZ,
MDT,
MDU,
MDV,
MDWD,
MDXG,
MDY,
MDYG,
MEC,
MED,
MEDP,
MEG,
MEI,
MELI,
MEOH,
MERC,
MET,
META,
METC,
METCB,
MFA,
MFC,
MFG,
MFIN,
MG,
MGA,
MGC,
MGEE,
MGK,
MGM,
MGNI,
MGPI,
MGRC,
MGTX,
MGV,
MGY,
MH,
MHD,
MHK,
MHO,
MIAX,
MICC,
MIDD,
MIDU,
MIELY,
MIND,
MINT,
MIR,
MIRM,
MITK,
MITT,
MJ,
MKC,
MKL,
MKSI,
MKTW,
MKTX,
MLAB,
MLCI,
MLCO,
MLI,
MLKN,
MLM,
MLP,
MLPA,
MLPX,
MLR,
MLTX,
MLYS,
MMED,
MMI,
MMKT,
MMM,
MMS,
MMSI,
MMYT,
MNDY,
MNKD,
MNOV,
MNPR,
MNRO,
MNSB,
MNST,
MNTK,
MNTN,
MO,
MOAT,
MOD,
MODD,
MOH,
MOMO,
MOO,
MOOD,
MORN,
MOS,
MOV,
MP,
MPAA,
MPB,
MPC,
MPLX,
MPT,
MPTI,
MPWR,
MPX,
MQ,
MQY,
MRAAY,
MRAM,
MRBK,
MRCY,
MRDN,
MRK,
MRNA,
MRNY,
MRP,
MRSH,
MRTN,
MRVI,
MRVL,
MRX,
MS,
MSA,
MSB,
MSBI,
MSCI,
MSDL,
MSEX,
MSFT,
MSGE,
MSGS,
MSI,
MSIF,
MSM,
MSOS,
MSTR,
MT,
MTA,
MTB,
MTBA,
MTCH,
MTD,
MTDR,
MTG,
MTH,
MTLS,
MTN,
MTRN,
MTRX,
MTSI,
MTUM,
MTUS,
MTW,
MTX,
MTZ,
MU,
MUA,
MUFG,
MUJ,
MUR,
MUSA,
MUST,
MUX,
MVBF,
MVV,
MWA,
MWH,
MXF,
MXL,
MYFW,
MYGN,
MYI,
MYN,
MYRG,
MZTI,
NABL,
NAGE,
NAIL,
NAMS,
NAT,
NATH,
NATL,
NATR,
NAUT,
NAVI,
NAVN,
NB,
NBB,
NBBK,
NBHC,
NBIS,
NBIX,
NBIZ,
NBN,
NBOS,
NBR,
NBTB,
NBXG,
NCDL,
NCLH,
NCLO,
NCMI,
NCNO,
NDAQ,
NDLS,
NDSN,
NE,
NEA,
NEAR,
NECB,
NEE,
NEM,
NEO,
NEOG,
NESR,
NET,
NEU,
NEWT,
NEXN,
NEXT,
NFG,
NFLX,
NFRA,
NG,
NGG,
NGNE,
NGS,
NGVC,
NGVT,
NHC,
NHI,
NHYDY,
NI,
NIC,
NIKL,
NIO,
NIQ,
NIU,
NJR,
NKE,
NKTR,
NKTX,
NL,
NLOP,
NLR,
NLY,
NMAI,
NMFC,
NMIH,
NMM,
NMR,
NMRK,
NMTC,
NN,
NNDM,
NNI,
NNN,
NOA,
NOAH,
NOBL,
NOC,
NODK,
NOG,
NOMD,
NOV,
NOVT,
NOW,
NP,
NPB,
NPCE,
NPCT,
NPK,
NPKI,
NPO,
NPSNY,
NPV,
NPWR,
NRC,
NRDS,
NREF,
NRG,
NRGV,
NRIM,
NRIX,
NRXS,
NSA,
NSC,
NSIT,
NSP,
NSRGY,
NSSC,
NTAP,
NTB,
NTCT,
NTDOY,
NTES,
NTGR,
NTLA,
NTNX,
NTR,
NTRA,
NTRS,
NTSI,
NTSK,
NTST,
NTSX,
NU,
NUDM,
NUE,
NUGT,
NUKZ,
NULG,
NUS,
NUSC,
NUTX,
NUVB,
NUVL,
NVA,
NVAX,
NVCR,
NVCT,
NVDA,
NVEC,
NVGS,
NVMI,
NVO,
NVR,
NVRI,
NVS,
NVST,
NVT,
NVTS,
NWBI,
NWE,
NWFL,
NWG,
NWL,
NWN,
NWPX,
NWS,
NWSA,
NX,
NXDR,
NXDT,
NXE,
NXPI,
NXRT,
NXST,
NXT,
NYT,
NZF,
O,
OABI,
OBDC,
OBE,
OBK,
OC,
OCC,
OCFC,
OCS,
OCUL,
ODC,
ODD,
ODFL,
OEC,
OEF,
OFG,
OFIX,
OFLX,
OFRM,
OGC,
OGE,
OGN,
OGS,
OHI,
OI,
OIA,
OIH,
OII,
OIS,
OKE,
OKLO,
OKTA,
OKUR,
OLED,
OLLI,
OLMA,
OLN,
OLP,
OLPX,
OM,
OMAB,
OMAH,
OMC,
OMCL,
OMDA,
OMER,
OMF,
OMFL,
ON,
ONB,
ONC,
ONDS,
ONEQ,
ONEW,
ONIT,
ONL,
ONON,
ONTO,
OOMA,
OPAL,
OPBK,
OPCH,
OPEN,
OPFI,
OPHC,
OPK,
OPLN,
OPP,
OPPE,
OPRA,
OPRT,
OPRX,
OPTU,
OPXS,
OPY,
ORA,
ORC,
ORCL,
ORGO,
ORI,
ORIC,
ORKA,
ORLA,
ORLY,
ORMP,
ORN,
ORR,
ORRF,
OSBC,
OSCR,
OSCV,
OSG,
OSIS,
OSK,
OSPN,
OSS,
OSUR,
OSW,
OTEX,
OTIS,
OTLY,
OTSKY,
OTTR,
OUNZ,
OUST,
OUT,
OVLY,
OVV,
OWL,
OWLT,
OWNB,
OXM,
OXY,
OZK,
P,
PAA,
PAAA,
PAAS,
PAC,
PACB,
PACK,
PACS,
PAG,
PAGP,
PAGS,
PAHC,
PAL,
PALC,
PALL,
PAM,
PAMT,
PANL,
PANW,
PAPR,
PAR,
PARR,
PASG,
PATH,
PATK,
PAVE,
PAX,
PAXS,
PAY,
PAYC,
PAYO,
PAYS,
PAYX,
PB,
PBA,
PBD,
PBDC,
PBF,
PBH,
PBI,
PBR,
PBT,
PBW,
PBYI,
PCAR,
PCB,
PCEF,
PCF,
PCG,
PCLG,
PCM,
PCN,
PCOR,
PCRX,
PCTY,
PCVX,
PCYO,
PD,
PDBC,
PDD,
PDEX,
PDFS,
PDI,
PDLB,
PDM,
PDO,
PDP,
PDS,
PDSB,
PDT,
PDX,
PEB,
PEBK,
PEBO,
PECO,
PED,
PEG,
PEGA,
PEN,
PENG,
PENN,
PEP,
PEPG,
PERI,
PESI,
PETS,
PFBC,
PFE,
PFEB,
PFF,
PFFA,
PFFD,
PFG,
PFGC,
PFIS,
PFL,
PFN,
PFS,
PFSI,
PG,
PGC,
PGF,
PGJ,
PGNY,
PGR,
PGX,
PGZ,
PH,
PHAT,
PHG,
PHI,
PHIN,
PHM,
PHO,
PHR,
PHVS,
PHYL,
PHYS,
PI,
PICB,
PII,
PINE,
PINK,
PINS,
PIO,
PIPR,
PIZ,
PJT,
PK,
PKBK,
PKE,
PKG,
PKOH,
PKST,
PKX,
PL,
PLAB,
PLAY,
PLBC,
PLCE,
PLD,
PLMR,
PLNT,
PLOW,
PLPC,
PLRX,
PLTK,
PLTM,
PLTR,
PLUG,
PLUS,
PLXS,
PM,
PML,
PMMF,
PMO,
PMT,
PMTS,
PMVP,
PNC,
PNFP,
PNGAY,
PNNT,
PNQI,
PNR,
PNRG,
PNTG,
PNW,
POCT,
PODD,
PONY,
POOL,
POR,
POST,
POWI,
POWL,
POWW,
PPA,
PPC,
PPERY,
PPG,
PPIH,
PPL,
PPLT,
PPTA,
PR,
PRA,
PRAA,
PRAX,
PRCH,
PRCT,
PRDO,
PRE,
PREF,
PRG,
PRGO,
PRGS,
PRI,
PRIM,
PRK,
PRKS,
PRLB,
PRLD,
PRM,
PRMB,
PRME,
PROSY,
PRSU,
PRTA,
PRTH,
PRU,
PRVA,
PSA,
PSBD,
PSCT,
PSFE,
PSIX,
PSK,
PSKY,
PSLV,
PSMT,
PSN,
PSNL,
PSO,
PSQ,
PSTL,
PSX,
PTC,
PTCT,
PTEN,
PTGX,
PTIN,
PTLO,
PTNQ,
PTON,
PTRN,
PTY,
PUBM,
PULS,
PUMP,
PVAL,
PVH,
PVLA,
PWP,
PWR,
PXE,
PXED,
PXF,
PXH,
PXI,
PXLW,
PYLD,
PYPL,
PZZA,
Q,
QBER,
QBTS,
QCOM,
QCRH,
QDEL,
QDTE,
QDVO,
QFIN,
QGEN,
QGRO,
QGRW,
QID,
QLD,
QLTA,
QLYS,
QNST,
QQQ,
QQQD,
QQQI,
QQQJ,
QQQM,
QQQX,
QRVO,
QS,
QSR,
QTEC,
QTI,
QTRX,
QTUM,
QTWO,
QUAD,
QUAL,
QUBT,
QUIK,
QURE,
QUS,
QVAL,
QYLD,
QYLG,
R,
RA,
RACE,
RAL,
RAMP,
RAPP,
RARE,
RBA,
RBB,
RBBN,
RBC,
RBCAA,
RBGLY,
RBLX,
RBRK,
RC,
RCAT,
RCI,
RCKT,
RCKY,
RCL,
RCMT,
RCS,
RCUS,
RDCM,
RDDT,
RDN,
RDNT,
RDNW,
RDTE,
RDW,
RDWR,
RDY,
REAL,
REAX,
REET,
REFI,
REG,
REGN,
REI,
RELL,
RELX,
RELY,
REMX,
RENT,
REPL,
REPX,
RERE,
RES,
REX,
REXR,
REYN,
REZ,
REZI,
RF,
RFI,
RFIL,
RGA,
RGEN,
RGLD,
RGNX,
RGP,
RGR,
RGTI,
RH,
RHHBY,
RHI,
RHLD,
RHP,
RICK,
RIG,
RIGL,
RIGS,
RILY,
RING,
RIO,
RIOT,
RISN,
RITM,
RIV,
RIVN,
RJET,
RJF,
RKLB,
RKT,
RL,
RLAY,
RLGT,
RLI,
RLJ,
RLMD,
RLX,
RLYB,
RM,
RMAX,
RMBI,
RMBS,
RMD,
RMNI,
RMR,
RNA,
RNAC,
RNG,
RNGR,
RNP,
RNR,
RNST,
RNW,
ROAD,
ROBO,
ROBT,
ROCK,
RODM,
ROG,
ROIV,
ROK,
ROKU,
ROL,
RONB,
ROOT,
ROP,
ROST,
RPAY,
RPC,
RPD,
RPG,
RPID,
RPM,
RPRX,
RPT,
RQI,
RRBI,
RRC,
RRGB,
RRR,
RRX,
RS,
RSBT,
RSG,
RSI,
RSKD,
RSP,
RSPG,
RSPH,
RSPR,
RSPT,
RSSB,
RSST,
RSSX,
RSVR,
RTO,
RTX,
RUN,
RUSHA,
RUSHB,
RVLV,
RVMD,
RVSB,
RVT,
RVTY,
RWL,
RWO,
RWR,
RWT,
RWX,
RXO,
RXST,
RY,
RYAAY,
RYAM,
RYAN,
RYN,
RYTM,
RYZ,
RZC,
RZLT,
S,
SA,
SAA,
SABR,
SAFE,
SAFT,
SAH,
SAIA,
SAIC,
SAIL,
SAM,
SAMG,
SAN,
SANA,
SANM,
SAP,
SARO,
SATL,
SATS,
SB,
SBAC,
SBCF,
SBET,
SBGI,
SBH,
SBLK,
SBRA,
SBS,
SBSI,
SBSW,
SBUX,
SCCO,
SCHA,
SCHB,
SCHC,
SCHD,
SCHE,
SCHF,
SCHG,
SCHH,
SCHI,
SCHK,
SCHL,
SCHM,
SCHO,
SCHP,
SCHQ,
SCHR,
SCHV,
SCHW,
SCHX,
SCHY,
SCHZ,
SCI,
SCJ,
SCL,
SCMB,
SCO,
SCOR,
SCSC,
SCVL,
SCYB,
SCZ,
SCZM,
SD,
SDCI,
SDGR,
SDHC,
SDHY,
SDOG,
SDRL,
SDY,
SE,
SEB,
SECU,
SEDG,
SEER,
SEG,
SEI,
SEIC,
SELF,
SEM,
SENEA,
SENS,
SEOAY,
SEPN,
SEPW,
SEVN,
SEZL,
SF,
SFBS,
SFD,
SFIX,
SFL,
SFM,
SFNC,
SFST,
SFY,
SG,
SGAPY,
SGBLY,
SGC,
SGDJ,
SGDM,
SGHC,
SGI,
SGIOY,
SGLC,
SGML,
SGMT,
SGOV,
SGRY,
SGU,
SH,
SHAK,
SHBI,
SHC,
SHECY,
SHEL,
SHEN,
SHG,
SHIP,
SHLD,
SHLS,
SHNY,
SHO,
SHOO,
SHOP,
SHTDY,
SHV,
SHW,
SHY,
SHYG,
SI,
SIBN,
SID,
SIEGY,
SIG,
SIGA,
SIGI,
SII,
SIL,
SILA,
SILJ,
SIMO,
SION,
SIRI,
SITC,
SITE,
SITM,
SIXG,
SIZE,
SJB,
SJM,
SJNK,
SJT,
SKE,
SKFRY,
SKHSY,
SKLZ,
SKM,
SKT,
SKWD,
SKY,
SKYH,
SKYT,
SKYW,
SKYY,
SLAB,
SLB,
SLDB,
SLDE,
SLDP,
SLF,
SLG,
SLGN,
SLM,
SLN,
SLNO,
SLP,
SLQD,
SLRC,
SLSR,
SLV,
SLVM,
SLVP,
SLVR,
SLYV,
SM,
SMA,
SMB,
SMBC,
SMBK,
SMCI,
SMDV,
SMFG,
SMG,
SMH,
SMHI,
SMHX,
SMMT,
SMP,
SMPL,
SMR,
SMRT,
SMTC,
SMTH,
SMWB,
SN,
SNA,
SNAP,
SNBR,
SNCY,
SND,
SNDA,
SNDK,
SNDR,
SNDX,
SNEX,
SNOW,
SNPS,
SNWV,
SNX,
SNY,
SO,
SOBO,
SOC,
SOCL,
SOFI,
SOHU,
SOJE,
SOLS,
SOLV,
SOMLY,
SOMN,
SON,
SONO,
SONY,
SOUHY,
SOXL,
SOXQ,
SOXX,
SOYB,
SPAB,
SPB,
SPDN,
SPDW,
SPEM,
SPEU,
SPFI,
SPG,
SPGI,
SPGM,
SPGP,
SPHD,
SPHQ,
SPHR,
SPHY,
SPIB,
SPIP,
SPLB,
SPLV,
SPMB,
SPMD,
SPMO,
SPNT,
SPOK,
SPOT,
SPPP,
SPRE,
SPRU,
SPRX,
SPRY,
SPSB,
SPSC,
SPSM,
SPT,
SPTI,
SPTL,
SPTM,
SPTS,
SPUU,
SPWH,
SPXC,
SPXL,
SPY,
SPYD,
SPYG,
SPYI,
SPYM,
SPYT,
SPYV,
SQM,
SR,
SRAD,
SRBK,
SRCE,
SRE,
SRG,
SRI,
SRLN,
SRPT,
SRRK,
SRTA,
SRVR,
SSB,
SSD,
SSL,
SSNC,
SSO,
SSP,
SSREY,
SSRM,
SSSS,
SSTI,
SSTK,
SSUMY,
SSUS,
SSYS,
ST,
STAA,
STAG,
STBA,
STC,
STCE,
STE,
STEL,
STEM,
STEP,
STGW,
STK,
STKL,
STLA,
STLD,
STM,
STN,
STNE,
STNG,
STOK,
STRA,
STRC,
STRL,
STRO,
STRS,
STRT,
STRV,
STRW,
STT,
STTK,
STUB,
STVN,
STWD,
STX,
STXL,
STXS,
STZ,
SU,
SUI,
SUN,
SUNB,
SUNC,
SUNS,
SUPN,
SUSA,
SUSB,
SUSL,
SUZ,
SVC,
SVCO,
SVM,
SVOL,
SVRA,
SVV,
SW,
SWBI,
SWDBY,
SWIM,
SWK,
SWKS,
SWRAY,
SWX,
SXC,
SXI,
SXT,
SYBT,
SYF,
SYK,
SYLD,
SYM,
SYNA,
SYRE,
SYY,
T,
TAC,
TAGS,
TAIL,
TAK,
TAL,
TALK,
TALO,
TAP,
TARA,
TARS,
TASK,
TATT,
TAYD,
TBBB,
TBBK,
TBCH,
TBI,
TBIL,
TBLA,
TBLL,
TBPH,
TBRG,
TBUX,
TCAF,
TCBI,
TCBK,
TCEHY,
TCHI,
TCHP,
TCMD,
TCOM,
TCX,
TD,
TDAQ,
TDAY,
TDC,
TDG,
TDOC,
TDS,
TDVG,
TDW,
TDY,
TE,
TEAM,
TECH,
TECK,
TECL,
TECX,
TEL,
TEM,
TEN,
TENB,
TENX,
TEO,
TER,
TERN,
TEVA,
TEX,
TFC,
TFII,
TFIN,
TFLO,
TFPM,
TFSL,
TFX,
TG,
TGB,
TGLS,
TGOPY,
TGRW,
TGS,
TGT,
TGTX,
TH,
THC,
THD,
THFF,
THG,
THKLY,
THNQ,
THO,
THQ,
THR,
THRM,
THRY,
THTA,
THW,
TIC,
TIGO,
TIGR,
TIL,
TILE,
TIMB,
TIP,
TIPT,
TIPX,
TITN,
TJX,
TK,
TKC,
TKNO,
TKO,
TKOMY,
TKR,
TLH,
TLK,
TLN,
TLS,
TLSI,
TLT,
TLTW,
TM,
TMC,
TMCI,
TMDX,
TME,
TMFC,
TMHC,
TMO,
TMP,
TMUS,
TNC,
TNDM,
TNET,
TNGX,
TNK,
TNL,
TNXP,
TOELY,
TOL,
TONX,
TOPT,
TOPW,
TOST,
TOTL,
TOUR,
TOWN,
TPB,
TPC,
TPG,
TPH,
TPL,
TPR,
TPYP,
TQQQ,
TR,
TRAK,
TRAX,
TRC,
TRDA,
TREE,
TREX,
TRGP,
TRI,
TRIP,
TRMB,
TRMD,
TRMK,
TRN,
TRNO,
TRNS,
TROW,
TROX,
TRP,
TRS,
TRST,
TRTX,
TRU,
TRUP,
TRV,
TRVI,
TS,
TSAT,
TSBK,
TSCDY,
TSCO,
TSEC,
TSEM,
TSHA,
TSLA,
TSLS,
TSM,
TSN,
TSPA,
TSPY,
TSQ,
TSSI,
TT,
TTAM,
TTAN,
TTC,
TTD,
TTE,
TTEC,
TTEK,
TTGT,
TTI,
TTMI,
TTNDY,
TTWO,
TU,
TUYA,
TV,
TVA,
TVTX,
TW,
TWFG,
TWI,
TWIN,
TWLO,
TWN,
TWO,
TWST,
TX,
TXG,
TXN,
TXNM,
TXO,
TXRH,
TXT,
TYD,
TYG,
TYGO,
TYL,
TYRA,
TZOO,
U,
UA,
UAA,
UAL,
UAMY,
UAN,
UBCP,
UBER,
UBRL,
UBS,
UBSI,
UBT,
UCB,
UCTT,
UDMY,
UDN,
UDOW,
UDR,
UE,
UEC,
UFCS,
UFO,
UFPI,
UFPT,
UGI,
UGL,
UGP,
UHAL,
UHS,
UHT,
UI,
UIS,
UL,
ULBI,
ULCC,
ULH,
ULS,
ULTA,
UMAC,
UMBF,
UMC,
UMH,
UMMA,
UNB,
UNCY,
UNF,
UNFI,
UNH,
UNIT,
UNM,
UNP,
UNTY,
UPBD,
UPRO,
UPS,
UPST,
UPWK,
URA,
URBN,
URGN,
URI,
URNJ,
URNM,
UROY,
URTH,
USAR,
USAS,
USAU,
USB,
USCB,
USCI,
USD,
USFD,
USFR,
USHY,
USIG,
USLM,
USMF,
USMV,
USNA,
USOY,
USPH,
USRT,
USTB,
UTF,
UTG,
UTHR,
UTI,
UTL,
UTMD,
UTSL,
UTZ,
UUP,
UUUU,
UVE,
UVSP,
UVV,
UWMC,
UYLD,
V,
VAC,
VAL,
VALE,
VALQ,
VATE,
VB,
VBF,
VBIL,
VBK,
VBNK,
VBR,
VC,
VCEB,
VCEL,
VCIT,
VCR,
VCRB,
VCSH,
VCTR,
VCYT,
VDC,
VDE,
VEA,
VECO,
VEEV,
VEGI,
VEL,
VENU,
VERA,
VERI,
VERU,
VERX,
VET,
VEU,
VFC,
VFH,
VFLO,
VFVA,
VG,
VGIT,
VGK,
VGLT,
VGNT,
VGSH,
VGSR,
VGT,
VGUS,
VHC,
VHI,
VHT,
VIA,
VIAV,
VICI,
VICR,
VIG,
VIGI,
VIK,
VINP,
VIOG,
VIOO,
VIOV,
VIPS,
VIR,
VIRC,
VIRT,
VISN,
VIST,
VITL,
VIXM,
VKTX,
VLGEA,
VLN,
VLO,
VLRS,
VLTO,
VLUE,
VLY,
VMBS,
VMC,
VMD,
VMI,
VMO,
VNDA,
VNET,
VNLA,
VNM,
VNO,
VNOM,
VNQ,
VNQI,
VNT,
VO,
VOD,
VOE,
VONE,
VONG,
VONV,
VOO,
VOOG,
VOOV,
VOR,
VOT,
VOX,
VOXR,
VOYA,
VOYG,
VPG,
VPL,
VPU,
VRA,
VRCA,
VRDN,
VRE,
VREX,
VRIG,
VRNS,
VRRM,
VRSK,
VRSN,
VRT,
VRTS,
VRTX,
VSAT,
VSCO,
VSDA,
VSEC,
VSGX,
VSH,
VSNT,
VSS,
VST,
VSTM,
VSTS,
VT,
VTC,
VTEC,
VTEX,
VTI,
VTIP,
VTMX,
VTOL,
VTR,
VTRS,
VTS,
VTV,
VTWG,
VTWO,
VTWV,
VUG,
VUSB,
VUSE,
VV,
VVV,
VVX,
VWO,
VWOB,
VXF,
VXUS,
VYGR,
VYM,
VYMI,
VYX,
VZ,
W,
WAB,
WABC,
WAFD,
WAL,
WASH,
WAT,
WAY,
WB,
WBD,
WBI,
WBS,
WCC,
WCN,
WD,
WDAY,
WDC,
WDFC,
WDIV,
WDS,
WEAT,
WEAV,
WEBL,
WEC,
WEED,
WELL,
WEN,
WERN,
WES,
WEST,
WEX,
WEYS,
WF,
WFC,
WFG,
WFRD,
WGO,
WGS,
WH,
WHD,
WHF,
WHGLY,
WHR,
WHWK,
WIA,
WINA,
WING,
WINN,
WIP,
WIX,
WK,
WKC,
WLAC,
WLDN,
WLFC,
WLK,
WLTH,
WLY,
WM,
WMB,
WMG,
WMK,
WMMVY,
WMS,
WMT,
WNC,
WNEB,
WOLF,
WOOF,
WOR,
WPC,
WPM,
WRB,
WRBY,
WRD,
WRLD,
WS,
WSBC,
WSBF,
WSC,
WSFS,
WSM,
WSO,
WST,
WT,
WTAI,
WTBA,
WTFC,
WTI,
WTM,
WTRG,
WTS,
WTTR,
WTW,
WU,
WULF,
WVE,
WW,
WWD,
WWW,
WY,
WYNN,
WYY,
XAR,
XBI,
XBIL,
XCCC,
XDTE,
XEL,
XENE,
XERS,
XFLT,
XHB,
XHE,
XHLF,
XHR,
XIACY,
XIFR,
XLB,
XLC,
XLE,
XLF,
XLG,
XLI,
XLK,
XLP,
XLRE,
XLU,
XLV,
XLY,
XME,
XMHQ,
XMMO,
XMTR,
XNCR,
XNET,
XNTK,
XOM,
XOMA,
XOP,
XOVR,
XP,
XPAY,
XPEL,
XPER,
XPEV,
XPO,
XPOF,
XPP,
XPRO,
XRAY,
XRMI,
XRN,
XRPC,
XRPR,
XRT,
XRX,
XSHQ,
XSOE,
XSVM,
XT,
XVV,
XYF,
XYL,
XYZ,
XYZG,
XZO,
YALA,
YB,
YCS,
YELP,
YETI,
YEXT,
YINN,
YLD,
YMM,
YOLO,
YORW,
YOU,
YPF,
YQQQ,
YRD,
YUM,
YUMC,
Z,
ZALT,
ZBH,
ZBIO,
ZBRA,
ZD,
ZECP,
ZETA,
ZG,
ZGN,
ZH,
ZIM,
ZION,
ZIP,
ZLNDY,
ZM,
ZNTL,
ZROZ,
ZS,
ZTO,
ZTS,
ZUMZ,
ZURA,
ZURVY,
ZVIA,
ZVRA,
ZWS,
ZYME,
